date,demand
2022-01-01,114
2022-01-02,98
2022-01-03,90
2022-01-04,92
2022-01-05,58
2022-01-06,66
2022-01-07,83
2022-01-08,108
2022-01-09,112
2022-01-10,72
2022-01-11,93
2022-01-12,92
2022-01-13,83
2022-01-14,96
2022-01-15,119
2022-01-16,103
2022-01-17,88
2022-01-18,72
2022-01-19,94
2022-01-20,84
2022-01-21,82
2022-01-22,106
2022-01-23,130
2022-01-24,83
2022-01-25,80
2022-01-26,81
2022-01-27,92
2022-01-28,91
2022-01-29,121
2022-01-30,122
2022-01-31,113
2022-02-01,83
2022-02-02,82
2022-02-03,78
2022-02-04,96
2022-02-05,132
2022-02-06,118
2022-02-07,79
2022-02-08,80
2022-02-09,98
2022-02-10,99
2022-02-11,97
2022-02-12,113
2022-02-13,124
2022-02-14,93
2022-02-15,95
2022-02-16,103
2022-02-17,95
2022-02-18,101
2022-02-19,124
2022-02-20,127
2022-02-21,102
2022-02-22,77
2022-02-23,91
2022-02-24,90
2022-02-25,88
2022-02-26,123
2022-02-27,144
2022-02-28,87
2022-03-01,109
2022-03-02,77
2022-03-03,94
2022-03-04,100
2022-03-05,136
2022-03-06,138
2022-03-07,109
2022-03-08,96
2022-03-09,95
2022-03-10,111
2022-03-11,99
2022-03-12,116
2022-03-13,119
2022-03-14,92
2022-03-15,109
2022-03-16,105
2022-03-17,112
2022-03-18,99
2022-03-19,136
2022-03-20,143
2022-03-21,102
2022-03-22,111
2022-03-23,98
2022-03-24,102
2022-03-25,102
2022-03-26,123
2022-03-27,144
2022-03-28,103
2022-03-29,109
2022-03-30,115
2022-03-31,115
2022-04-01,118
2022-04-02,139
2022-04-03,136
2022-04-04,110
2022-04-05,91
2022-04-06,95
2022-04-07,96
2022-04-08,101
2022-04-09,148
2022-04-10,133
2022-04-11,109
2022-04-12,130
2022-04-13,110
2022-04-14,124
2022-04-15,104
2022-04-16,143
2022-04-17,135
2022-04-18,113
2022-04-19,127
2022-04-20,97
2022-04-21,123
2022-04-22,121
2022-04-23,141
2022-04-24,131
2022-04-25,120
2022-04-26,113
2022-04-27,123
2022-04-28,120
2022-04-29,140
2022-04-30,148
2022-05-01,139
2022-05-02,124
2022-05-03,124
2022-05-04,138
2022-05-05,133
2022-05-06,127
2022-05-07,171
2022-05-08,139
2022-05-09,116
2022-05-10,113
2022-05-11,120
2022-05-12,108
2022-05-13,132
2022-05-14,152
2022-05-15,138
2022-05-16,114
2022-05-17,130
2022-05-18,136
2022-05-19,150
2022-05-20,162
2022-05-21,162
2022-05-22,145
2022-05-23,102
2022-05-24,131
2022-05-25,118
2022-05-26,123
2022-05-27,121
2022-05-28,157
2022-05-29,171
2022-05-30,131
2022-05-31,127
2022-06-01,117
2022-06-02,109
2022-06-03,124
2022-06-04,159
2022-06-05,181
2022-06-06,132
2022-06-07,142
2022-06-08,124
2022-06-09,116
2022-06-10,119
2022-06-11,152
2022-06-12,186
2022-06-13,121
2022-06-14,141
2022-06-15,120
2022-06-16,143
2022-06-17,136
2022-06-18,160
2022-06-19,161
2022-06-20,124
2022-06-21,137
2022-06-22,126
2022-06-23,117
2022-06-24,117
2022-06-25,164
2022-06-26,181
2022-06-27,134
2022-06-28,131
2022-06-29,135
2022-06-30,148
2022-07-01,135
2022-07-02,157
2022-07-03,175
2022-07-04,137
2022-07-05,150
2022-07-06,134
2022-07-07,117
2022-07-08,116
2022-07-09,182
2022-07-10,183
2022-07-11,130
2022-07-12,127
2022-07-13,149
2022-07-14,118
2022-07-15,121
2022-07-16,169
2022-07-17,157
2022-07-18,131
2022-07-19,129
2022-07-20,135
2022-07-21,148
2022-07-22,132
2022-07-23,169
2022-07-24,136
2022-07-25,130
2022-07-26,120
2022-07-27,116
2022-07-28,120
2022-07-29,126
2022-07-30,171
2022-07-31,144
2022-08-01,130
2022-08-02,124
2022-08-03,125
2022-08-04,141
2022-08-05,135
2022-08-06,175
2022-08-07,157
2022-08-08,120
2022-08-09,126
2022-08-10,131
2022-08-11,130
2022-08-12,115
2022-08-13,158
2022-08-14,160
2022-08-15,157
2022-08-16,149
2022-08-17,116
2022-08-18,123
2022-08-19,109
2022-08-20,149
2022-08-21,159
2022-08-22,140
2022-08-23,116
2022-08-24,117
2022-08-25,99
2022-08-26,122
2022-08-27,141
2022-08-28,148
2022-08-29,113
2022-08-30,122
2022-08-31,102
2022-09-01,105
2022-09-02,148
2022-09-03,137
2022-09-04,139
2022-09-05,144
2022-09-06,156
2022-09-07,107
2022-09-08,117
2022-09-09,125
2022-09-10,171
2022-09-11,138
2022-09-12,117
2022-09-13,129
2022-09-14,125
2022-09-15,115
2022-09-16,117
2022-09-17,132
2022-09-18,145
2022-09-19,115
2022-09-20,121
2022-09-21,111
2022-09-22,123
2022-09-23,129
2022-09-24,149
2022-09-25,151
2022-09-26,117
2022-09-27,116
2022-09-28,107
2022-09-29,119
2022-09-30,114
2022-10-01,170
2022-10-02,163
2022-10-03,119
2022-10-04,105
2022-10-05,100
2022-10-06,128
2022-10-07,116
2022-10-08,149
2022-10-09,122
2022-10-10,124
2022-10-11,118
2022-10-12,99
2022-10-13,106
2022-10-14,115
2022-10-15,142
2022-10-16,137
2022-10-17,109
2022-10-18,107
2022-10-19,112
2022-10-20,128
2022-10-21,79
2022-10-22,137
2022-10-23,141
2022-10-24,113
2022-10-25,104
2022-10-26,88
2022-10-27,112
2022-10-28,129
2022-10-29,120
2022-10-30,148
2022-10-31,104
2022-11-01,107
2022-11-02,95
2022-11-03,103
2022-11-04,123
2022-11-05,144
2022-11-06,157
2022-11-07,121
2022-11-08,112
2022-11-09,127
2022-11-10,111
2022-11-11,116
2022-11-12,132
2022-11-13,136
2022-11-14,97
2022-11-15,117
2022-11-16,91
2022-11-17,114
2022-11-18,103
2022-11-19,149
2022-11-20,144
2022-11-21,126
2022-11-22,113
2022-11-23,86
2022-11-24,104
2022-11-25,90
2022-11-26,128
2022-11-27,152
2022-11-28,112
2022-11-29,96
2022-11-30,92
2022-12-01,104
2022-12-02,89
2022-12-03,126
2022-12-04,138
2022-12-05,118
2022-12-06,111
2022-12-07,76
2022-12-08,107
2022-12-09,105
2022-12-10,139
2022-12-11,153
2022-12-12,79
2022-12-13,97
2022-12-14,111
2022-12-15,85
2022-12-16,122
2022-12-17,138
2022-12-18,144
2022-12-19,97
2022-12-20,114
2022-12-21,117
2022-12-22,107
2022-12-23,107
2022-12-24,138
2022-12-25,124
2022-12-26,103
2022-12-27,103
2022-12-28,110
2022-12-29,117
2022-12-30,93
2022-12-31,134
2023-01-01,153
2023-01-02,97
2023-01-03,96
2023-01-04,108
2023-01-05,116
2023-01-06,106
2023-01-07,152
2023-01-08,147
2023-01-09,117
2023-01-10,114
2023-01-11,135
2023-01-12,105
2023-01-13,84
2023-01-14,157
2023-01-15,133
2023-01-16,110
2023-01-17,124
2023-01-18,89
2023-01-19,94
2023-01-20,90
2023-01-21,130
2023-01-22,145
2023-01-23,116
2023-01-24,113
2023-01-25,93
2023-01-26,83
2023-01-27,112
2023-01-28,136
2023-01-29,147
2023-01-30,120
2023-01-31,114
2023-02-01,122
2023-02-02,116
2023-02-03,119
2023-02-04,135
2023-02-05,142
2023-02-06,116
2023-02-07,124
2023-02-08,110
2023-02-09,121
2023-02-10,112
2023-02-11,144
2023-02-12,156
2023-02-13,92
2023-02-14,101
2023-02-15,99
2023-02-16,89
2023-02-17,110
2023-02-18,157
2023-02-19,145
2023-02-20,121
2023-02-21,132
2023-02-22,136
2023-02-23,119
2023-02-24,137
2023-02-25,152
2023-02-26,141
2023-02-27,114
2023-02-28,104
2023-03-01,112
2023-03-02,118
2023-03-03,133
2023-03-04,174
2023-03-05,137
2023-03-06,129
2023-03-07,112
2023-03-08,131
2023-03-09,124
2023-03-10,104
2023-03-11,167
2023-03-12,149
2023-03-13,121
2023-03-14,115
2023-03-15,120
2023-03-16,134
2023-03-17,127
2023-03-18,163
2023-03-19,164
2023-03-20,146
2023-03-21,126
2023-03-22,113
2023-03-23,144
2023-03-24,128
2023-03-25,175
2023-03-26,167
2023-03-27,131
2023-03-28,138
2023-03-29,157
2023-03-30,159
2023-03-31,135
2023-04-01,167
2023-04-02,178
2023-04-03,126
2023-04-04,140
2023-04-05,136
2023-04-06,141
2023-04-07,127
2023-04-08,149
2023-04-09,143
2023-04-10,125
2023-04-11,133
2023-04-12,136
2023-04-13,163
2023-04-14,153
2023-04-15,159
2023-04-16,175
2023-04-17,136
2023-04-18,138
2023-04-19,144
2023-04-20,150
2023-04-21,139
2023-04-22,186
2023-04-23,160
2023-04-24,144
2023-04-25,175
2023-04-26,147
2023-04-27,162
2023-04-28,146
2023-04-29,183
2023-04-30,175
2023-05-01,144
2023-05-02,137
2023-05-03,152
2023-05-04,137
2023-05-05,156
2023-05-06,191
2023-05-07,183
2023-05-08,145
2023-05-09,154
2023-05-10,145
2023-05-11,161
2023-05-12,128
2023-05-13,176
2023-05-14,156
2023-05-15,133
2023-05-16,167
2023-05-17,162
2023-05-18,143
2023-05-19,133
2023-05-20,146
2023-05-21,175
2023-05-22,181
2023-05-23,158
2023-05-24,146
2023-05-25,158
2023-05-26,134
2023-05-27,180
2023-05-28,185
2023-05-29,153
2023-05-30,163
2023-05-31,158
2023-06-01,162
2023-06-02,146
2023-06-03,195
2023-06-04,204
2023-06-05,143
2023-06-06,144
2023-06-07,171
2023-06-08,153
2023-06-09,172
2023-06-10,180
2023-06-11,203
2023-06-12,158
2023-06-13,159
2023-06-14,175
2023-06-15,152
2023-06-16,145
2023-06-17,181
2023-06-18,192
2023-06-19,138
2023-06-20,164
2023-06-21,150
2023-06-22,171
2023-06-23,128
2023-06-24,177
2023-06-25,167
2023-06-26,147
2023-06-27,160
2023-06-28,155
2023-06-29,154
2023-06-30,155
2023-07-01,190
2023-07-02,175
2023-07-03,166
2023-07-04,165
2023-07-05,162
2023-07-06,164
2023-07-07,161
2023-07-08,211
2023-07-09,186
2023-07-10,153
2023-07-11,148
2023-07-12,144
2023-07-13,142
2023-07-14,146
2023-07-15,186
2023-07-16,191
2023-07-17,157
2023-07-18,147
2023-07-19,167
2023-07-20,165
2023-07-21,154
2023-07-22,178
2023-07-23,192
2023-07-24,158
2023-07-25,138
2023-07-26,155
2023-07-27,159
2023-07-28,144
2023-07-29,187
2023-07-30,167
2023-07-31,171
2023-08-01,170
2023-08-02,151
2023-08-03,159
2023-08-04,125
2023-08-05,170
2023-08-06,180
2023-08-07,141
2023-08-08,162
2023-08-09,177
2023-08-10,139
2023-08-11,143
2023-08-12,185
2023-08-13,202
2023-08-14,138
2023-08-15,155
2023-08-16,174
2023-08-17,132
2023-08-18,136
2023-08-19,176
2023-08-20,175
2023-08-21,160
2023-08-22,153
2023-08-23,129
2023-08-24,156
2023-08-25,143
2023-08-26,195
2023-08-27,172
2023-08-28,141
2023-08-29,155
2023-08-30,158
2023-08-31,154
2023-09-01,128
2023-09-02,184
2023-09-03,165
2023-09-04,150
2023-09-05,130
2023-09-06,152
2023-09-07,137
2023-09-08,131
2023-09-09,184
2023-09-10,178
2023-09-11,138
2023-09-12,162
2023-09-13,139
2023-09-14,145
2023-09-15,147
2023-09-16,166
2023-09-17,179
2023-09-18,137
2023-09-19,138
2023-09-20,159
2023-09-21,130
2023-09-22,113
2023-09-23,191
2023-09-24,202
2023-09-25,137
2023-09-26,118
2023-09-27,137
2023-09-28,137
2023-09-29,138
2023-09-30,157
2023-10-01,177
2023-10-02,146
2023-10-03,121
2023-10-04,147
2023-10-05,163
2023-10-06,141
2023-10-07,164
2023-10-08,166
2023-10-09,145
2023-10-10,117
2023-10-11,139
2023-10-12,132
2023-10-13,159
2023-10-14,164
2023-10-15,186
2023-10-16,123
2023-10-17,143
2023-10-18,139
2023-10-19,125
2023-10-20,137
2023-10-21,179
2023-10-22,161
2023-10-23,114
2023-10-24,134
2023-10-25,123
2023-10-26,130
2023-10-27,133
2023-10-28,143
2023-10-29,144
2023-10-30,139
2023-10-31,126
2023-11-01,102
2023-11-02,142
2023-11-03,135
2023-11-04,153
2023-11-05,146
2023-11-06,142
2023-11-07,136
2023-11-08,160
2023-11-09,136
2023-11-10,136
2023-11-11,159
2023-11-12,171
2023-11-13,138
2023-11-14,145
2023-11-15,124
2023-11-16,125
2023-11-17,124
2023-11-18,169
2023-11-19,178
2023-11-20,124
2023-11-21,125
2023-11-22,133
2023-11-23,127
2023-11-24,141
2023-11-25,132
2023-11-26,149
2023-11-27,120
2023-11-28,101
2023-11-29,118
2023-11-30,118
2023-12-01,127
2023-12-02,172
2023-12-03,156
2023-12-04,117
2023-12-05,128
2023-12-06,141
2023-12-07,117
2023-12-08,118
2023-12-09,166
2023-12-10,156
2023-12-11,137
2023-12-12,129
2023-12-13,137
2023-12-14,117
2023-12-15,129
2023-12-16,156
2023-12-17,144
2023-12-18,110
2023-12-19,137
2023-12-20,125
2023-12-21,117
2023-12-22,128
2023-12-23,173
2023-12-24,132
2023-12-25,112
2023-12-26,119
2023-12-27,147
2023-12-28,133
2023-12-29,139
2023-12-30,147
2023-12-31,147
